agent,test_id,reward,total arrived,total departed,average waiting time,average travel time
greedy,0,951475.0,982,984,0.6961382113821138,38.97357723577236
greedy,1,940475.0,982,984,0.7164634146341463,38.988821138211385
